Transaction Date,Post Date,Description,Category,Type,Amount,Memo
05/07/2026,05/08/2026,LOCUST VALLEY CHEMISTS,Health & Wellness,Sale,-8.64,
05/08/2026,05/08/2026,TST* THE BAR ROOM NYC,Food & Drink,Sale,-42.84,
05/07/2026,05/08/2026,Peacock 119D8 PremPlus,Bills & Utilities,Sale,-16.99,
05/06/2026,05/08/2026,LOCUST VALLEY VET CLINIC,Personal,Sale,-943.07,
05/07/2026,05/08/2026,Hermes of Paris,Shopping,Sale,-1714.79,
05/05/2026,05/07/2026,H&amp;M  0018HICKSVILLE,Shopping,Sale,-31.38,
05/05/2026,05/07/2026,CHICK-FIL-A #03482,Food & Drink,Sale,-8.03,
05/07/2026,05/07/2026,GOOGLE *YouTube TV,Bills & Utilities,Sale,-9.99,
05/06/2026,05/07/2026,SP THE SPOT NY,Shopping,Sale,-181.00,
05/06/2026,05/07/2026,LOCUST VALLEY FLORIST,Shopping,Sale,-86.90,
05/06/2026,05/07/2026,SQ *PINONS PIZZA COMPANY,Food & Drink,Sale,-57.57,
05/07/2026,05/07/2026,GOOGLE *YouTube TV,Bills & Utilities,Sale,-82.99,
05/06/2026,05/07/2026,MARQUIS WINES &amp; SPIRITS,Food & Drink,Sale,-108.61,
05/05/2026,05/06/2026,TARGET        00018853,Shopping,Sale,-72.26,
05/06/2026,05/06/2026,ALL FOLKS PSYCHOLOGY,Health & Wellness,Sale,-200.00,
05/05/2026,05/06/2026,OXYLABS,Personal,Sale,-32.59,
05/05/2026,05/06/2026,SPEEDWAY 46893,Gas,Sale,-87.73,
05/05/2026,05/06/2026,OYSTER BAY SUPERSTAR,Food & Drink,Sale,-22.39,
05/04/2026,05/06/2026,WFUV,Gifts & Donations,Sale,-15.00,
05/04/2026,05/05/2026,HARBORSIDE DELI,Groceries,Sale,-20.06,
05/03/2026,05/05/2026,STARBUCKS STORE 00832,Food & Drink,Sale,-7.28,
05/03/2026,05/04/2026,ELDORADO.GG,Shopping,Sale,-0.84,
05/03/2026,05/04/2026,SQ *MAD CHICKEN,Food & Drink,Sale,-28.20,
05/03/2026,05/04/2026,ELDORADO.GG,Shopping,Sale,-2.41,
05/01/2026,05/03/2026,SPORTIME ROSLYN,Health & Wellness,Sale,-121.00,
05/01/2026,05/03/2026,MiniMall US Storage P,Professional Services,Sale,-105.16,
05/03/2026,05/03/2026,CLAUDE.AI SUBSCRIPTION,Shopping,Sale,-217.25,
05/01/2026,05/03/2026,CHICKEN  BEER,Food & Drink,Sale,-22.00,
05/01/2026,05/03/2026,RON-A-ROLL INDOOR ROLL,Entertainment,Sale,-2.76,
05/01/2026,05/03/2026,CLAUDE.AI SUBSCRIPTION,Shopping,Sale,-217.25,
05/01/2026,05/03/2026,TST*EMMY SQUARED - SANTA,Food & Drink,Sale,-52.82,
05/02/2026,05/03/2026,DD *DOORDASH CHIPOTLEM,Food & Drink,Sale,-36.48,
05/03/2026,05/03/2026,PAYPAL *POSITIONTRA,Travel,Sale,-300.00,
05/01/2026,05/03/2026,RON-A-ROLL INDOOR ROLL,Entertainment,Sale,-21.84,
05/01/2026,05/03/2026,WWW.BRAVE.COM,Shopping,Sale,-122.32,
05/03/2026,05/03/2026,DD *DOORDASH TACOBELL,Food & Drink,Sale,-25.64,
05/01/2026,05/03/2026,GOOGLE *CLOUD xKRLWG,Bills & Utilities,Sale,-1.67,
05/01/2026,05/03/2026,TST*HARTFORD BAKING CO -,Food & Drink,Sale,-9.35,
04/30/2026,05/01/2026,COLLEGEBOARD*SAT ONLN.,Education,Return,24.00,
04/30/2026,05/01/2026,CHRISTINA'S EPICURE,Groceries,Sale,-76.75,
04/30/2026,05/01/2026,LE JOAILLIER FINE JEWELRY,Shopping,Sale,-1819.47,
04/30/2026,05/01/2026,SP HOSTED BY KG,Home,Sale,-63.01,
05/01/2026,05/01/2026,SP BRENTWOOD FINE WINE,Food & Drink,Sale,-164.63,
04/30/2026,05/01/2026,SQ *SANTA MONICA BREW WOR,Groceries,Sale,-21.87,
04/29/2026,05/01/2026,TRUMP LOS-RET,Entertainment,Sale,-910.67,
04/30/2026,05/01/2026,SQ *SANTA MONICA BREW WOR,Groceries,Sale,-10.80,
04/29/2026,05/01/2026,TRUMP LOS-F&amp;B,Food & Drink,Sale,-43.90,
05/01/2026,05/01/2026,WAYMO,Travel,Sale,-16.12,
04/29/2026,04/30/2026,LOCUST VALLEY SCHOOLS,Education,Sale,-103.50,
04/28/2026,04/30/2026,LOCUST VALLEY DENTISTS,Health & Wellness,Sale,-325.00,
04/29/2026,04/30/2026,PEOPLE DATA LABS,Professional Services,Sale,-587.92,
04/29/2026,04/30/2026,COLLECTION BUREAU OF AMER,Professional Services,Sale,-334.64,
04/28/2026,04/29/2026,LOCUST VALLEY MARKET #104,Groceries,Sale,-31.98,
04/29/2026,04/29/2026,ALL FOLKS PSYCHOLOGY,Health & Wellness,Sale,-200.00,
04/28/2026,04/29/2026,HARBORSIDE DELI,Groceries,Sale,-11.66,
04/26/2026,04/28/2026,TST*NATIONAL LANDING - A,Food & Drink,Sale,-15.54,
04/27/2026,04/28/2026,ALL AMERICAN CARWASH,Automotive,Sale,-35.85,
04/26/2026,04/28/2026,MARRIOTT CRYSTAL GATEW,Travel,Sale,-420.98,
04/26/2026,04/28/2026,MARRIOTT CRYSTAL GATEW,Travel,Sale,-383.88,
04/27/2026,04/28/2026,LOCUST VALLEY MARKET #104,Groceries,Sale,-28.00,
04/27/2026,04/28/2026,TST* EDMUND'S OAST BREWIN,Food & Drink,Sale,-57.38,
04/27/2026,04/28/2026,DNH*GODADDY,Bills & Utilities,Sale,-97.36,
04/27/2026,04/28/2026,HARBORSIDE DELI,Groceries,Sale,-20.06,
04/26/2026,04/28/2026,CHS AIRP STARBUCKS,Food & Drink,Sale,-12.88,
04/27/2026,04/28/2026,VERIZON BILL PAYMENT,Bills & Utilities,Sale,-170.55,
04/26/2026,04/27/2026,AG TRAVEL PLAZA 3400501,Groceries,Sale,-4.99,
04/25/2026,04/27/2026,MARRIOTT CRYSTAL GWY F,Travel,Sale,-11.53,
04/25/2026,04/27/2026,MARRIOTT CRYSTAL GWY F,Travel,Sale,-15.66,
04/25/2026,04/27/2026,LA POSADA,Food & Drink,Sale,-263.82,
04/26/2026,04/27/2026,INTL ACAD COMPETITIONS,Education,Sale,-57.20,
04/26/2026,04/27/2026,SP UTOPIA DESIGNZ,Automotive,Return,31.98,
04/26/2026,04/27/2026,SK 8,Bills & Utilities,Sale,-4.09,
04/25/2026,04/27/2026,KIAWAH RESORT RETAIL,Shopping,Sale,-20.00,
04/26/2026,04/27/2026,CIRCLE K # 23355,Gas,Sale,-18.28,
04/25/2026,04/27/2026,KIAWAH RESORT F&amp;B,Food & Drink,Sale,-6.69,
04/24/2026,04/26/2026,LOCUST VALLEY SCHOOLS,Education,Sale,-103.50,
04/24/2026,04/26/2026,SUNOCO 0368295201,Gas,Sale,-72.97,
04/24/2026,04/26/2026,SQ *KARMIC GRIND OYSTER B,Food & Drink,Sale,-16.98,
04/24/2026,04/26/2026,AMERICAN CAR WASH,Automotive,Sale,-46.65,
04/24/2026,04/26/2026,STAPLES       00110007,Shopping,Sale,-21.71,
04/25/2026,04/26/2026,TST* MAKERS UNION METZ -,Food & Drink,Sale,-105.41,
04/25/2026,04/26/2026,DD *DOORDASH YUMMYSUSH,Food & Drink,Sale,-38.74,
04/24/2026,04/26/2026,VERANDA ST1336,Shopping,Sale,-4.07,
04/24/2026,04/26/2026,ALLSTATE877-927-7268,Bills & Utilities,Sale,-21.71,
04/24/2026,04/26/2026,HUDSONNEWS  ST1177,Shopping,Sale,-8.63,
04/24/2026,04/26/2026,HUDSON ST1675,Shopping,Sale,-4.07,
04/25/2026,04/26/2026,HYDROW SUBSCRIPTION,Shopping,Sale,-50.00,
04/25/2026,04/26/2026,E&amp;R LAUNDRY AND DRY CL,Personal,Sale,-13.27,
04/25/2026,04/26/2026,GOOGLE *Google One,Entertainment,Sale,-21.71,
04/23/2026,04/24/2026,SQ *KARMIC GRIND LOCUST V,Food & Drink,Sale,-18.84,
04/23/2026,04/24/2026,SALON POP,Personal,Sale,-45.00,
04/23/2026,04/24/2026,WARBY PARKER,Health & Wellness,Sale,-81.47,
04/23/2026,04/24/2026,GULF OIL 92050011,Gas,Sale,-75.00,
04/23/2026,04/24/2026,MARQUIS WINES &amp; SPIRITS,Food & Drink,Sale,-165.08,
04/24/2026,04/24/2026,PEOPLE DATA LABS,Professional Services,Sale,-1505.27,
04/23/2026,04/24/2026,TST*THE BRASS RAIL,Food & Drink,Sale,-23.55,
04/22/2026,04/23/2026,ADT SECURITY*405587055,Bills & Utilities,Sale,-58.65,
04/22/2026,04/23/2026,SQ *VAN LEEUWEN ICE CREAM,Food & Drink,Sale,-9.65,
04/22/2026,04/23/2026,WARBY PARKER,Health & Wellness,Sale,-395.00,
04/22/2026,04/23/2026,WARBY PARKER,Health & Wellness,Sale,-316.00,
04/22/2026,04/23/2026,WARBY PARKER,Health & Wellness,Sale,-134.00,
04/22/2026,04/23/2026,MTA*LIRR ETIX TICKET,Travel,Sale,-15.25,
04/23/2026,04/23/2026,CLAUDE.AI SUBSCRIPTION,Shopping,Sale,-217.25,
04/21/2026,04/22/2026,SPACES PARKING,Travel,Sale,-89.96,
04/21/2026,04/22/2026,SUITE SKIN,Health & Wellness,Sale,-208.00,
04/22/2026,04/22/2026,ALL FOLKS PSYCHOLOGY,Health & Wellness,Sale,-200.00,
04/21/2026,04/22/2026,SQ *KARMIC GRIND LOCUST V,Food & Drink,Sale,-23.35,
04/21/2026,04/22/2026,GRAND CENTRAL OYSTER B,Food & Drink,Sale,-163.93,
04/21/2026,04/22/2026,TST*HARTFORD BAKING CO -,Food & Drink,Sale,-7.53,
04/20/2026,04/21/2026,LOCUST VALLEY SCHOOLS,Education,Sale,-103.50,
04/20/2026,04/21/2026,CVS/PHARMACY #00145,Health & Wellness,Sale,-146.11,
04/19/2026,04/21/2026,MELT SHOP ROOSEVELT FIELD,Food & Drink,Sale,-36.54,
04/20/2026,04/21/2026,SALON POP,Personal,Sale,-50.00,
04/20/2026,04/21/2026,American Eagle Outfitters,Shopping,Sale,-97.31,
04/20/2026,04/21/2026,SALON POP,Personal,Sale,-50.00,
04/19/2026,04/21/2026,WENDY'S 7808,Food & Drink,Sale,-14.65,
04/20/2026,04/21/2026,DD *DOORDASH STOPSHOP,Food & Drink,Sale,-24.86,
04/20/2026,04/21/2026,GOLD COAST MAILROOM,Personal,Sale,-204.22,
04/20/2026,04/21/2026,DD *DOORDASH MAHALINDI,Food & Drink,Sale,-157.20,
04/20/2026,04/21/2026,HARBORSIDE DELI,Groceries,Sale,-17.11,
04/19/2026,04/21/2026,BLEECKER STREET PIZZA,Food & Drink,Sale,-8.63,
04/19/2026,04/20/2026,REG WESTBURY 12  1273,Entertainment,Sale,-30.36,
04/19/2026,04/20/2026,NORTHWELL HEALTH ONLINE P,Health & Wellness,Sale,-10.00,
04/19/2026,04/20/2026,REG WESTBURY 12  1273,Entertainment,Sale,-26.05,
04/19/2026,04/20/2026,FANDANGO    *,Entertainment,Sale,-92.72,
04/19/2026,04/20/2026,THE MOUNTAINEERS,Personal,Sale,-41.08,
04/17/2026,04/19/2026,ParadiesATLBeltMkt2453,Groceries,Sale,-5.49,
04/17/2026,04/19/2026,APPLIANCE WORLD,Home,Sale,-4400.00,
04/17/2026,04/19/2026,ATL Chick-fil-a,Food & Drink,Sale,-8.71,
04/18/2026,04/19/2026,LOCUST VALLEY MARKET #104,Groceries,Sale,-67.48,
04/17/2026,04/19/2026,DD *DOORDASH STOPSHOP,Food & Drink,Sale,-78.06,
04/18/2026,04/19/2026,STOP &amp; SHOP 0542,Groceries,Sale,-98.30,
04/16/2026,04/19/2026,RALPHS ITALIAN ICES,Food & Drink,Sale,-13.13,
04/17/2026,04/19/2026,AMTRAK MOBILE,Travel,Sale,-246.40,
04/18/2026,04/19/2026,LOCUST VALLEY CHEMISTS,Health & Wellness,Sale,-54.17,
04/17/2026,04/19/2026,AMTRAK .COM 104063464217,Travel,Return,23.00,
04/16/2026,04/17/2026,10152 CAVA PEACHTREE,Food & Drink,Sale,-10.29,
04/16/2026,04/17/2026,10152 CAVA PEACHTREE,Food & Drink,Sale,-60.60,
04/15/2026,04/17/2026,SWEET MANDARIN ASIAN B,Food & Drink,Sale,-94.89,
04/16/2026,04/17/2026,SP POOLBOTS,Home,Sale,-1009.00,
04/16/2026,04/17/2026,UNIV OF CHICAGO SS DP,Education,Sale,-7550.00,
04/16/2026,04/17/2026,WILMINGTON FRIENDS,Gifts & Donations,Sale,-103.94,
04/16/2026,04/16/2026,Payment Thank You-Mobile,,Payment,15000.00,
04/15/2026,04/16/2026,USPS PO 1204710016,Shopping,Sale,-12.95,
04/15/2026,04/16/2026,ENEXIA SPECIALTY,Health & Wellness,Sale,-300.00,
04/15/2026,04/16/2026,WEST PACES ACE HARDWARE,Home,Sale,-18.50,
04/15/2026,04/16/2026,PFLAG.ORG,Personal,Sale,-25.75,
04/15/2026,04/16/2026,WALGREENS #19047,Health & Wellness,Sale,-115.04,
04/15/2026,04/16/2026,PUBLIX #719,Groceries,Sale,-89.78,
04/15/2026,04/16/2026,LOCUST VALLEY DENTISTRY,Health & Wellness,Sale,-620.00,
04/14/2026,04/16/2026,AMTRAK .COM 1040634642164,Travel,Sale,-122.00,
04/15/2026,04/16/2026,HEADWAY,Health & Wellness,Sale,-15.00,
04/14/2026,04/15/2026,TST*HOP CITY KROG,Food & Drink,Sale,-35.40,
04/15/2026,04/15/2026,ALL FOLKS PSYCHOLOGY,Health & Wellness,Sale,-200.00,
04/14/2026,04/15/2026,LOCUST VALLEY MARKET #104,Groceries,Sale,-67.54,
04/15/2026,04/15/2026,GOOGLE *YouTubePremium,Bills & Utilities,Sale,-22.99,
04/14/2026,04/15/2026,PEOPLE DATA LABS,Professional Services,Sale,-135.78,
04/13/2026,04/14/2026,CVS/PHARMACY #03247,Health & Wellness,Sale,-70.00,
04/13/2026,04/14/2026,HARBORSIDE DELI,Groceries,Sale,-17.11,
04/13/2026,04/14/2026,State of Elevenate,Shopping,Sale,-170.00,
04/12/2026,04/13/2026,DD *DOORDASH CHIPOTLEM,Food & Drink,Sale,-39.78,
04/12/2026,04/13/2026,TST*HARTFORD BAKING CO -,Food & Drink,Sale,-12.06,
04/12/2026,04/13/2026,RETAIL 101,Shopping,Sale,-53.15,
04/10/2026,04/12/2026,TFL TRAVEL CH,Travel,Sale,-39.24,
04/09/2026,04/12/2026,SUSHISAMBA COVENT GARDEN,Food & Drink,Sale,-399.38,
04/10/2026,04/12/2026,The Standard London,Travel,Sale,-1550.66,
04/12/2026,04/12/2026,Uniqlo USA LLC,Shopping,Sale,-198.26,
04/09/2026,04/12/2026,TFL TRAVEL CH,Travel,Sale,-16.02,
04/10/2026,04/12/2026,Avolta LHR T3 WDF MAIN,Shopping,Sale,-55.79,
04/10/2026,04/12/2026,ViaSat  Inc.,Bills & Utilities,Sale,-25.56,
04/11/2026,04/12/2026,SQ *OTHERSIDE WINE BAR,Food & Drink,Sale,-244.40,
04/10/2026,04/12/2026,TFL TRAVEL CH,Travel,Sale,-39.24,
04/10/2026,04/12/2026,HUEL,Groceries,Sale,-64.99,
04/11/2026,04/12/2026,BRINKMANN'S,Home,Sale,-11.49,
04/09/2026,04/10/2026,HLU*HULUPLUS,Bills & Utilities,Sale,-45.98,
04/09/2026,04/10/2026,The Store  FnB,Travel,Sale,-7.58,
04/09/2026,04/10/2026,M&amp;S SIMPLY FOOD - SSP,Groceries,Sale,-10.25,
04/09/2026,04/10/2026,TXW*LONDON TAXI 60578,Travel,Sale,-37.50,
04/09/2026,04/10/2026,The Standard London,Travel,Sale,-65.93,
04/09/2026,04/10/2026,TFL TRAVEL CH,Travel,Sale,-8.21,
04/09/2026,04/10/2026,M&amp;S SIMPLY FOOD - SSP,Groceries,Sale,-3.57,
04/10/2026,04/10/2026,MISS PORTERS SCHOOL,Gifts & Donations,Sale,-500.00,
04/08/2026,04/10/2026,The Store Reception,Travel,Sale,-458.99,
04/08/2026,04/10/2026,The Store Reception,Travel,Sale,-563.09,
04/09/2026,04/10/2026,LIME*6 RIDES DYY7,Travel,Sale,-60.53,
04/09/2026,04/10/2026,SRT - WWW.GWR.COM,Travel,Sale,-152.14,
04/09/2026,04/10/2026,OPENAI *CHATGPT SUBSCR,Shopping,Sale,-21.73,
04/09/2026,04/10/2026,LIME*5 RIDES 4SCC,Travel,Sale,-47.71,
04/08/2026,04/09/2026,The Holly Bush,Food & Drink,Sale,-20.36,
04/08/2026,04/09/2026,Oxford Wine Company - Tur,Food & Drink,Sale,-51.89,
04/08/2026,04/09/2026,BOOTS 0330,Health & Wellness,Sale,-36.35,
04/08/2026,04/09/2026,The Holly Bush,Food & Drink,Sale,-19.09,
04/08/2026,04/09/2026,SQ *NKORA (MAYFAIR),Food & Drink,Sale,-19.42,
04/07/2026,04/09/2026,HAM YARD BAR AND RESTAURA,Travel,Sale,-57.61,
04/08/2026,04/09/2026,Gardeners Arms,Food & Drink,Sale,-88.87,
04/08/2026,04/09/2026,Starbucks 12751,Food & Drink,Sale,-22.15,
04/08/2026,04/09/2026,GWR CATERING,Travel,Sale,-7.98,
04/08/2026,04/09/2026,The Holly Bush,Food & Drink,Sale,-92.33,
04/08/2026,04/09/2026,Gardeners Arms,Food & Drink,Sale,-7.32,
04/08/2026,04/09/2026,STARBUCKS 8007827282,Food & Drink,Sale,-25.00,
04/07/2026,04/08/2026,SQ *LW THEATRES GROUP LIM,Entertainment,Sale,-25.28,
04/07/2026,04/08/2026,SQ *KISS THE HIPPO COFFEE,Food & Drink,Sale,-5.31,
04/07/2026,04/08/2026,BLUE POSTS,Food & Drink,Sale,-15.40,
04/07/2026,04/08/2026,ICONIC LONDON GIFTS 2,Shopping,Sale,-53.07,
04/06/2026,04/08/2026,TATE BRITAIN,Gifts & Donations,Sale,-13.25,
04/07/2026,04/08/2026,READY MONEY LTD,Professional Services,Sale,-92.90,
04/07/2026,04/08/2026,TFL TRAVEL CH,Travel,Sale,-8.12,
04/07/2026,04/08/2026,Dishoom Kensington,Food & Drink,Sale,-263.38,
04/06/2026,04/08/2026,HAM YARD BAR AND RESTAURA,Travel,Sale,-113.95,
04/07/2026,04/08/2026,Peacock 451DF PremPlus,Bills & Utilities,Sale,-16.99,
04/07/2026,04/08/2026,BAYSIXTY6 LIMITED,Health & Wellness,Sale,-10.62,
04/07/2026,04/08/2026,PEOPLE DATA LABS,Professional Services,Sale,-245.75,
04/07/2026,04/08/2026,CREEK.NET* PGA JR LEAG,Personal,Sale,-580.35,
04/07/2026,04/08/2026,SQ *LW THEATRES GROUP LIM,Entertainment,Sale,-9.31,
04/07/2026,04/08/2026,TXW*LONDON TAXI 66922,Travel,Sale,-28.00,
04/06/2026,04/08/2026,TFL TRAVEL CH,Travel,Sale,-9.29,
04/07/2026,04/08/2026,SQ *NKORA (MAYFAIR),Food & Drink,Sale,-19.91,
04/07/2026,04/08/2026,BLUE POSTS,Food & Drink,Sale,-25.81,
04/07/2026,04/08/2026,ZETTLE_*202 PUB CO LTD,Food & Drink,Sale,-9.22,
04/07/2026,04/08/2026,SIXTY6 TRADING LTD,Groceries,Sale,-2.59,
04/07/2026,04/08/2026,SIXTY6 TRADING LTD,Groceries,Sale,-1.53,
04/07/2026,04/08/2026,SQ *LW THEATRES GROUP LIM,Entertainment,Sale,-9.58,
04/07/2026,04/08/2026,SIXTY6 TRADING LTD,Groceries,Sale,-2.39,
04/06/2026,04/07/2026,The Paddington Bear Exper,Food & Drink,Sale,-13.25,
04/06/2026,04/07/2026,SP OMNES,Shopping,Sale,-78.52,
04/06/2026,04/07/2026,UNIQLO UK0045,Shopping,Sale,-327.48,
04/06/2026,04/07/2026,Pizza Pilgrims,Food & Drink,Sale,-20.54,
04/06/2026,04/07/2026,MEERAS NEWS,Groceries,Sale,-8.02,
04/06/2026,04/07/2026,WHITE SANEL SANLI,Food & Drink,Sale,-7.95,
04/06/2026,04/07/2026,ZARA REGENT STREET,Shopping,Sale,-110.09,
04/06/2026,04/07/2026,On Sportswear,Shopping,Sale,-185.54,
04/06/2026,04/07/2026,The Burlington Arms,Food & Drink,Sale,-7.95,
04/06/2026,04/07/2026,LEICESTER ARMS,Food & Drink,Sale,-17.49,
04/06/2026,04/07/2026,SUMUP  *DREAMX UK LIMITED,Shopping,Sale,-159.04,
04/05/2026,04/07/2026,JFK JAMBA JUICE T4 635,Food & Drink,Sale,-12.65,
04/07/2026,04/07/2026,GOOGLE *YouTube TV,Bills & Utilities,Sale,-82.99,
04/06/2026,04/07/2026,LEICESTER ARMS,Food & Drink,Sale,-8.95,
04/06/2026,04/07/2026,VIRGIN AIR,Travel,Sale,-92.77,
04/07/2026,04/07/2026,GOOGLE *YouTube TV,Bills & Utilities,Sale,-9.99,
04/06/2026,04/07/2026,AJI ZEN CANTEEN,Food & Drink,Sale,-3.31,
04/06/2026,04/07/2026,TFL TRAVEL CH,Travel,Sale,-3.98,
04/06/2026,04/07/2026,NOPI,Food & Drink,Sale,-374.24,
04/06/2026,04/07/2026,DD *DOORDASH POPEYESLO,Food & Drink,Sale,-30.03,
04/06/2026,04/07/2026,WWW.HEATHROWEXPRESS.CO,Travel,Sale,-111.33,
04/04/2026,04/06/2026,LE JOAILLIER FINE JEWELRY,Shopping,Sale,-162.94,
04/05/2026,04/06/2026,HUDSONNEWS  ST1178,Shopping,Sale,-36.84,
04/05/2026,04/06/2026,DD *DOORDASH DUNKIN,Food & Drink,Sale,-23.20,
04/05/2026,04/06/2026,OXYLABS,Personal,Sale,-32.59,
04/05/2026,04/06/2026,DD *DOORDASH STOPSHOP,Food & Drink,Sale,-47.20,
04/05/2026,04/06/2026,SUSHISAMBA,Food & Drink,Sale,-55.66,
04/05/2026,04/06/2026,NEW YORK STATE DMV,Bills & Utilities,Sale,-141.50,
04/05/2026,04/06/2026,NORTHWELL GLEN COVE,Health & Wellness,Sale,-50.00,
04/05/2026,04/06/2026,WALGREENS #2626,Health & Wellness,Sale,-5.00,
04/05/2026,04/06/2026,CONOCO FUEL,Gas,Sale,-80.00,
04/04/2026,04/06/2026,WFUV,Gifts & Donations,Sale,-15.00,
04/05/2026,04/06/2026,MCDONALD'S F36312,Food & Drink,Sale,-15.88,
04/05/2026,04/06/2026,DD *DOORDASHELSIELANEW,Food & Drink,Sale,-90.08,
04/05/2026,04/06/2026,SHERPA EVISA-ETA-ESTA,Personal,Sale,-69.00,
04/05/2026,04/06/2026,SHERPA EVISA-ETA-ESTA,Personal,Sale,-69.00,
04/03/2026,04/05/2026,POTTERYBARN.COM,Home,Return,715.73,
04/04/2026,04/05/2026,LOCUST VALLEY MARKET #104,Groceries,Sale,-3.00,
04/04/2026,04/05/2026,LOCUST VALLEY MARKET #104,Groceries,Sale,-8.18,
04/03/2026,04/05/2026,MiniMall US Storage P,Professional Services,Sale,-105.16,
04/04/2026,04/05/2026,WHOP*GRACEPARKER,Shopping,Sale,-90.99,
04/03/2026,04/05/2026,ARROW EXTERMINATING,Home,Sale,-1732.57,
04/03/2026,04/05/2026,LOCUST VALLEY MARKET #104,Groceries,Sale,-65.33,
04/03/2026,04/05/2026,PAPERSOURCE-4560,Shopping,Sale,-172.63,
04/03/2026,04/05/2026,TJMAXX #0757,Shopping,Sale,-53.42,
04/03/2026,04/05/2026,Uncharted,Shopping,Sale,-225.97,
04/04/2026,04/05/2026,SP UTOPIA DESIGNZ,Automotive,Sale,-31.98,
04/04/2026,04/05/2026,MTA*LIRR ETIX TICKET,Travel,Sale,-15.25,
04/03/2026,04/05/2026,LOCUST VALLEY MARKET #104,Groceries,Sale,-95.76,
04/04/2026,04/05/2026,SP MXWRAPS,Shopping,Sale,-23.35,
04/04/2026,04/05/2026,WWW.CHCH.OX.AC.UK,Food & Drink,Sale,-137.83,
04/04/2026,04/05/2026,NOPI RESTAURANT,Food & Drink,Sale,-47.71,
04/05/2026,04/05/2026,DD *DOORDASHCHIPOTLEME,Food & Drink,Sale,-24.45,
04/01/2026,04/03/2026,SPORTIME ROSLYN,Health & Wellness,Sale,-41.00,
04/02/2026,04/03/2026,Shopbop.com,Shopping,Return,78.47,
04/02/2026,04/03/2026,WHOP*LINDALIAM,Shopping,Sale,-49.95,
04/03/2026,04/03/2026,OLDNAVY.COM,Shopping,Sale,-202.40,
04/03/2026,04/03/2026,DD *DOORDASH CHIPOTLEM,Food & Drink,Sale,-24.45,
04/02/2026,04/03/2026,PEOPLE DATA LABS,Professional Services,Sale,-235.72,
04/02/2026,04/03/2026,SPIRITED,Food & Drink,Sale,-352.88,
04/02/2026,04/03/2026,PEOPLE DATA LABS,Professional Services,Sale,-690.58,
04/01/2026,04/02/2026,LOCUST VALLEY SCHOOLS,Education,Sale,-203.50,
04/01/2026,04/02/2026,HERITAGE FARM &amp; GARDEN I,Home,Sale,-54.29,
04/01/2026,04/02/2026,WALGREENS #2626,Health & Wellness,Sale,-70.00,
03/31/2026,04/02/2026,SPORTIME SYOSSET TENNIS,Entertainment,Sale,-115.09,
04/01/2026,04/02/2026,GOOGLE *CLOUD 5B5B8K,Bills & Utilities,Sale,-7.42,
04/01/2026,04/02/2026,HARBORSIDE DELI,Groceries,Sale,-17.86,
04/01/2026,04/02/2026,CLAUDE.AI SUBSCRIPTION,Shopping,Sale,-217.25,
04/01/2026,04/02/2026,SQ *GENTLEMENS CHOP SHOP,Personal,Sale,-50.28,
04/01/2026,04/02/2026,GULF OIL 92050011,Gas,Sale,-75.00,
03/31/2026,04/01/2026,SQ *KARMIC GRIND LOCUST V,Food & Drink,Sale,-18.47,
03/31/2026,04/01/2026,WHOLEFDS MHS 10063,Groceries,Sale,-147.06,
03/31/2026,04/01/2026,SQ *SOUTHDOWN COFFEE - GL,Food & Drink,Sale,-10.86,
03/31/2026,04/01/2026,Headout London Eye,Travel,Sale,-252.25,
03/31/2026,04/01/2026,BOUNCE - USEBOUNCE.COM,Home,Sale,-44.25,
03/31/2026,04/01/2026,OYSTER BAY SUPERSTAR,Food & Drink,Sale,-38.00,
03/31/2026,04/01/2026,Fever*Banksy Limitless Re,Entertainment,Sale,-117.87,
03/31/2026,04/01/2026,WANDERLOG.COM/CSUPPORT,Shopping,Sale,-49.99,
04/01/2026,04/01/2026,WWW.BRAVE.COM,Shopping,Sale,-17.33,
04/01/2026,04/01/2026,ALL FOLKS PSYCHOLOGY,Health & Wellness,Sale,-200.00,
03/31/2026,04/01/2026,LondonTheatre.co.uk,Entertainment,Sale,-802.66,
03/29/2026,03/31/2026,WWW.FIRSTRATEBLINDS.COM,Home,Sale,-833.43,
03/30/2026,03/31/2026,PETSMART #2703,Shopping,Sale,-65.16,
03/30/2026,03/31/2026,SQ *GRACEMED MISSISSAUGA,Health & Wellness,Sale,-81.63,
03/30/2026,03/31/2026,PETSMART #2703,Shopping,Sale,-104.27,
03/30/2026,03/31/2026,ADDITUDE MAG,Entertainment,Sale,-39.95,
03/30/2026,03/31/2026,TST*PROVISIONS MARKET,Food & Drink,Sale,-20.38,
03/31/2026,03/31/2026,DD *DOORDASH STAPLES,Food & Drink,Sale,-98.13,
03/30/2026,03/31/2026,SQ *KARMIC GRIND LOCUST V,Food & Drink,Sale,-21.45,
03/30/2026,03/31/2026,HARBORSIDE DELI,Groceries,Sale,-16.66,
03/30/2026,03/31/2026,SQ *GOLD COFFEE,Food & Drink,Sale,-7.88,
03/29/2026,03/31/2026,AMTRAK .COM 0880667584846,Travel,Sale,-73.00,
03/30/2026,03/31/2026,SPACES PARKING,Travel,Sale,-54.72,
03/28/2026,03/30/2026,ORCHID RESTAURANT,Food & Drink,Sale,-32.90,
03/29/2026,03/30/2026,BRINKMANN'S,Home,Sale,-7.59,
03/29/2026,03/30/2026,BRINKMANN'S,Home,Sale,-122.02,
03/28/2026,03/30/2026,HIGHLAND PARK MARKET OF F,Groceries,Sale,-22.77,
03/28/2026,03/30/2026,PEOPLE DATA LABS,Professional Services,Sale,-653.92,
03/30/2026,03/30/2026,DD *DOORDASH CHIPOTLEM,Food & Drink,Sale,-24.45,
03/30/2026,03/30/2026,SQ *VICTORIA CAPOBIANCO ,Health & Wellness,Sale,-200.00,
03/29/2026,03/30/2026,PEOPLE DATA LABS,Professional Services,Sale,-106.45,
03/28/2026,03/29/2026,JETBLUE BUY ON BOARD,Food & Drink,Sale,-11.00,
03/27/2026,03/29/2026,SQ *KARMIC GRIND LOCUST V,Food & Drink,Sale,-18.74,
03/27/2026,03/29/2026,MINDBODY - BDYHUS,Health & Wellness,Sale,-42.00,
03/27/2026,03/29/2026,JetBlue Gate Retail,Groceries,Sale,-28.00,
03/28/2026,03/29/2026,FS *typora.io,Shopping,Sale,-16.29,
03/28/2026,03/29/2026,SQ *PINONS PIZZA COMPANY,Food & Drink,Sale,-76.04,
03/26/2026,03/29/2026,STARBUCKS STORE 07616,Food & Drink,Sale,-6.64,
03/26/2026,03/27/2026,CVS/PHARMACY #03247,Health & Wellness,Sale,-40.00,
03/26/2026,03/27/2026,RISING TIDE NATURAL MARK,Groceries,Sale,-169.03,
03/26/2026,03/27/2026,BRINKMANN'S,Home,Sale,-5.51,
03/26/2026,03/27/2026,SOUNDSIDE PHYSICAL THERAP,Health & Wellness,Sale,-500.00,
03/26/2026,03/27/2026,CVS/PHARMACY #03247,Health & Wellness,Sale,-22.34,
03/27/2026,03/27/2026,DD *DOORDASH EASTNORWI,Food & Drink,Sale,-26.06,
03/26/2026,03/27/2026,MOIM SUSHI,Food & Drink,Sale,-76.01,
03/26/2026,03/27/2026,UNIV OF CH* UNIV OF CH,Education,Sale,-1000.00,
03/26/2026,03/27/2026,LOCUST VALLEY DENTISTRY,Health & Wellness,Sale,-416.00,
03/27/2026,03/27/2026,ALL FOLKS PSYCHOLOGY,Health & Wellness,Sale,-200.00,
03/26/2026,03/27/2026,DD *DOORDASH CVS,Food & Drink,Sale,-47.51,
03/25/2026,03/26/2026,LOCUST VALLEY MARKET #104,Groceries,Sale,-53.55,
03/25/2026,03/26/2026,HARBORSIDE DELI,Groceries,Sale,-11.14,
03/25/2026,03/26/2026,TURO INC.* TRIP AUG 15,Travel,Sale,-1374.12,
03/25/2026,03/25/2026,Shopbop.com,Shopping,Sale,-214.51,
03/24/2026,03/25/2026,LOCUST VALLEY MARKET #104,Groceries,Sale,-18.18,
03/23/2026,03/25/2026,SHELL OIL 57546091109,Gas,Sale,-96.67,
03/25/2026,03/25/2026,LW* FRIENDS OF BOBBY B,Shopping,Sale,-259.63,
03/23/2026,03/25/2026,CHICK-FIL-A #03567,Food & Drink,Sale,-12.04,
03/24/2026,03/25/2026,TIANA  WELLNESS SUITES,Health & Wellness,Sale,-208.00,
03/25/2026,03/25/2026,HYDROW SUBSCRIPTION,Shopping,Sale,-50.00,
03/24/2026,03/25/2026,DD *DOORDASH KIKORAMEN,Food & Drink,Sale,-35.28,
03/25/2026,03/25/2026,GOOGLE *Google One,Entertainment,Sale,-10.85,
03/24/2026,03/25/2026,ALLSTATE877-927-7268,Bills & Utilities,Sale,-21.71,
03/25/2026,03/25/2026,ALL FOLKS PSYCHOLOGY,Health & Wellness,Sale,-200.00,
03/24/2026,03/25/2026,SQ *KARMIC GRIND LOCUST V,Food & Drink,Sale,-30.24,
03/23/2026,03/24/2026,JETBLUE BUY ON BOARD,Food & Drink,Sale,-27.85,
03/23/2026,03/24/2026,TARGET        00018184,Shopping,Sale,-450.53,
03/23/2026,03/24/2026,HOSPITAL FOR SPECIAL SUR,Health & Wellness,Sale,-90.00,
03/23/2026,03/24/2026,USPS PO 3548100560,Shopping,Sale,-26.94,
03/19/2026,03/24/2026,PIPIN S RENTALS,Entertainment,Sale,-197.75,
03/23/2026,03/24/2026,QTEGO,Professional Services,Sale,-1500.00,
03/23/2026,03/24/2026,DOORDASH*03/22-2 ORDER,Food & Drink,Sale,-43.01,
03/23/2026,03/24/2026,ANTHROPIC,Shopping,Sale,-108.63,
03/23/2026,03/24/2026,AMTRAK .COM,Travel,Return,108.00,
03/22/2026,03/24/2026,AMTRAK .COM 0810686514573,Travel,Sale,-108.00,
03/22/2026,03/24/2026,STARBUCKS STORE 00832,Food & Drink,Sale,-31.46,
03/24/2026,03/24/2026,PEOPLE DATA LABS,Professional Services,Sale,-106.45,
03/22/2026,03/23/2026,ADT SECURITY*405587055,Bills & Utilities,Sale,-58.65,
03/21/2026,03/23/2026,Sunrise Coffee,Food & Drink,Sale,-81.97,
03/22/2026,03/23/2026,MCDONALD'S F19825,Food & Drink,Sale,-4.00,
03/22/2026,03/23/2026,AMC 0551 GLEN COVE 6,Entertainment,Sale,-15.21,
03/22/2026,03/23/2026,PAYPAL *MAIKOL,Professional Services,Sale,-457.95,
03/22/2026,03/23/2026,TST*NAPLES PIZZA - FARMI,Food & Drink,Sale,-30.06,
03/22/2026,03/23/2026,AMC 0551 GLEN COVE 6,Entertainment,Sale,-6.83,
03/22/2026,03/23/2026,AMC 0551 GLEN COVE 6,Entertainment,Sale,-32.98,
03/22/2026,03/23/2026,AMC 0551 GLEN COVE 6,Entertainment,Sale,-81.58,
03/23/2026,03/23/2026,CLAUDE.AI SUBSCRIPTION,Shopping,Sale,-217.25,
03/22/2026,03/23/2026,ANTHROPIC,Shopping,Sale,-21.73,
03/21/2026,03/23/2026,CPK LIR INTERNACIONAL,Shopping,Sale,-9.70,
03/20/2026,03/22/2026,THE SOLI SURF,Shopping,Sale,-90.00,
03/20/2026,03/22/2026,THE FROG PAD,Shopping,Sale,-40.68,
03/20/2026,03/22/2026,WLDFLWRS,Shopping,Sale,-125.00,
03/20/2026,03/22/2026,HOTEL CAMPO REST VENTANIT,Travel,Sale,-20.00,
03/21/2026,03/22/2026,DOMO HOTEL NOSARA,Travel,Sale,-79.10,
03/20/2026,03/22/2026,GO JUICE,Food & Drink,Sale,-17.50,
03/19/2026,03/22/2026,RED LANTERN,Food & Drink,Sale,-45.20,
03/20/2026,03/22/2026,ALEO STUDIO,Health & Wellness,Sale,-56.00,
03/20/2026,03/22/2026,OCEAN BREEZE,Shopping,Sale,-38.00,
03/20/2026,03/22/2026,MINISUPER Y LICORERA GUIO,Groceries,Sale,-23.94,
03/19/2026,03/22/2026,BAR RESTAURANTE OLGAS,Food & Drink,Sale,-17.71,
03/20/2026,03/22/2026,Silver Lines x Turtle Wor,Shopping,Sale,-98.00,
03/20/2026,03/22/2026,SPA,Health & Wellness,Sale,-188.20,
03/20/2026,03/22/2026,Sunrise Coffee,Food & Drink,Sale,-13.32,
03/20/2026,03/22/2026,SQ *KARMIC GRIND LOCUST V,Food & Drink,Sale,-19.55,
03/20/2026,03/22/2026,HOTEL CAMPO REST VENTANIT,Travel,Sale,-10.00,
03/21/2026,03/22/2026,TST*GIMME BURGER,Food & Drink,Sale,-35.03,
03/22/2026,03/22/2026,DD *DOORDASH DUNKIN,Food & Drink,Sale,-26.04,
03/21/2026,03/22/2026,NORTHWELL HEALTH ONLINE P,Health & Wellness,Sale,-15.00,
03/21/2026,03/22/2026,DD *DOORDASH MADCHICKE,Food & Drink,Sale,-55.10,
03/20/2026,03/22/2026,FANDANGO    *,Entertainment,Sale,-93.00,
03/19/2026,03/20/2026,ALEO STUDIO,Health & Wellness,Sale,-56.00,
03/19/2026,03/20/2026,HOTEL CAMPO REST VENTANIT,Travel,Sale,-41.99,
03/19/2026,03/20/2026,NOSARAS BAGEL HOUSE,Food & Drink,Sale,-15.10,
03/19/2026,03/20/2026,ARTEINGLASS,Shopping,Sale,-32.00,
03/19/2026,03/20/2026,Sunrise Coffee,Food & Drink,Sale,-43.08,
03/19/2026,03/20/2026,LA BODEGA MERCADO,Groceries,Sale,-79.30,
03/18/2026,03/20/2026,MAHALO BOWLS NOSARA,Food & Drink,Sale,-7.73,
03/18/2026,03/20/2026,STAPLES       00110007,Shopping,Sale,-56.44,
03/18/2026,03/20/2026,MAHALO BOWLS NOSARA,Food & Drink,Sale,-30.06,
03/18/2026,03/19/2026,LOCUST VALLEY SCHOOLS,Education,Sale,-103.50,
03/18/2026,03/19/2026,MAMAGUI NOSARA,Food & Drink,Sale,-156.20,
03/18/2026,03/19/2026,Sunrise Coffee,Food & Drink,Sale,-10.31,
03/18/2026,03/19/2026,THE FROG PAD,Shopping,Sale,-57.63,
03/17/2026,03/19/2026,RED LANTERN,Food & Drink,Sale,-44.00,
03/18/2026,03/19/2026,MUNDO FILO DO,Shopping,Sale,-65.00,
03/18/2026,03/19/2026,LA BODEGA MERCADO,Groceries,Sale,-14.17,
03/18/2026,03/19/2026,LA BODEGA MERCADO,Groceries,Sale,-7.55,
03/18/2026,03/19/2026,DD *DOORDASH MARIOSPIZ,Food & Drink,Sale,-22.57,
03/18/2026,03/19/2026,Donitas,Food & Drink,Sale,-14.60,
03/18/2026,03/19/2026,LA BODEGA MERCADO,Groceries,Sale,-4.96,
03/18/2026,03/19/2026,Birkenstock,Shopping,Sale,-370.25,
03/18/2026,03/19/2026,LOCUST VALLEY MARKET #104,Groceries,Sale,-31.63,
03/17/2026,03/18/2026,HOTEL CAMPO REST VENTANIT,Travel,Sale,-46.97,
03/17/2026,03/18/2026,JETBLUE     2794485856916,Travel,Sale,-25.00,
03/17/2026,03/18/2026,NOSARA SURF SCHOOL,Entertainment,Sale,-67.80,
03/17/2026,03/18/2026,JETBLUE     2794485856917,Travel,Sale,-25.00,
03/16/2026,03/18/2026,BAR RESTAURANTE OLGAS,Food & Drink,Sale,-47.26,
03/17/2026,03/18/2026,Sunrise Coffee,Food & Drink,Sale,-26.04,
03/17/2026,03/18/2026,LA BODEGA MERCADO,Groceries,Sale,-3.96,
03/17/2026,03/18/2026,SEEKRETSPOT,Groceries,Sale,-8.57,
03/16/2026,03/18/2026,BAR RESTAURANTE OLGAS,Food & Drink,Sale,-17.68,
03/17/2026,03/18/2026,NOSARA SURF SCHOOL,Entertainment,Sale,-203.40,
03/17/2026,03/18/2026,BODHI TREE YOGA RESORT,Travel,Sale,-40.00,
03/16/2026,03/18/2026,TST*WHISKEY TRADER,Food & Drink,Sale,-11.08,
03/17/2026,03/18/2026,DOORDASH*03/16-2 ORDER,Food & Drink,Sale,-89.25,
03/16/2026,03/18/2026,JFK T5 AV JAMBA JUICE,Food & Drink,Sale,-13.09,
03/18/2026,03/18/2026,ALL FOLKS PSYCHOLOGY,Health & Wellness,Sale,-200.00,
03/16/2026,03/17/2026,LOCUST VALLEY SCHOOLS,Education,Sale,-103.50,
03/16/2026,03/17/2026,JFK Univision,Shopping,Sale,-18.40,
03/16/2026,03/17/2026,JFK Univision,Shopping,Sale,-13.38,
03/16/2026,03/17/2026,PARK AVE EMPOR ST2470,Groceries,Sale,-15.28,
03/16/2026,03/17/2026,LA BODEGA MERCADO,Groceries,Sale,-142.52,
03/16/2026,03/17/2026,SPOTHERO 844-356-8054,Travel,Sale,-19.08,
03/16/2026,03/17/2026,COLLEGEBOARD*SAT ONLN.,Education,Sale,-68.00,
03/14/2026,03/16/2026,PETERGLENN/98MAIN.COM,Shopping,Return,396.48,
03/15/2026,03/16/2026,WHEATLEY BEAUTY,Personal,Sale,-218.40,
03/15/2026,03/16/2026,PFLAG.ORG,Personal,Sale,-25.75,
03/13/2026,03/16/2026,LOCUST VALLEY VET CLINIC,Personal,Sale,-145.30,
03/15/2026,03/16/2026,HEADWAY,Health & Wellness,Sale,-15.00,
03/15/2026,03/16/2026,PLANTING FIELDS FDN,Gifts & Donations,Sale,-800.00,
03/16/2026,03/16/2026,DOORDASH*03/15-2 ORDER,Food & Drink,Sale,-46.04,
03/16/2026,03/16/2026,DD *DOORDASH STOPSHOP,Food & Drink,Sale,-96.53,
03/13/2026,03/15/2026,NORTHWELL HLTH MY CHART,Health & Wellness,Return,35.00,
03/13/2026,03/15/2026,NORTHWELL HLTH MY CHART,Health & Wellness,Return,35.00,
03/14/2026,03/15/2026,LOCUST VAL*  LVHS  1 F,Education,Sale,-15.85,
03/12/2026,03/15/2026,LOCUST VALLEY VET CLINIC,Personal,Sale,-1326.47,
03/13/2026,03/15/2026,STOP &amp; SHOP 0542,Groceries,Sale,-150.64,
03/13/2026,03/15/2026,CONOCO FUEL,Gas,Sale,-75.00,
03/14/2026,03/15/2026,CVS/PHARMACY #03247,Health & Wellness,Sale,-80.10,
03/15/2026,03/15/2026,GOOGLE *YouTubePremium,Bills & Utilities,Sale,-22.99,
03/13/2026,03/15/2026,DOORDASH*03/12-3 ORDER,Food & Drink,Sale,-87.68,
03/13/2026,03/15/2026,HUEL,Groceries,Sale,-64.99,
03/06/2026,03/13/2026,HRC ONLINE SHOP,Professional Services,Sale,-326.91,
03/11/2026,03/13/2026,ALEXES HAZEN MD PLLC,Health & Wellness,Return,9450.00,
03/11/2026,03/13/2026,TST*CAFE CLUNY,Food & Drink,Sale,-151.29,
03/12/2026,03/13/2026,ALLPAID*Village of Mineol,Personal,Sale,-79.00,
03/11/2026,03/13/2026,CAFFE DELICE,Food & Drink,Sale,-12.15,
03/12/2026,03/13/2026,TST*FARM ITALY,Food & Drink,Sale,-307.53,
03/11/2026,03/12/2026,TST*MAGNOLIA BAKERY - BL,Food & Drink,Sale,-10.30,
03/11/2026,03/12/2026,Hermes of Paris,Shopping,Sale,-160.05,
03/11/2026,03/12/2026,MTA*LIRR ETIX TICKET,Travel,Sale,-11.25,
03/11/2026,03/12/2026,TST* THE AINSWORTH - NY,Food & Drink,Sale,-6.50,
03/11/2026,03/12/2026,MTA*LIRR ETIX TICKET,Travel,Sale,-11.25,
03/12/2026,03/12/2026,DOMO HOTEL NOSARA,Travel,Sale,-1313.62,
03/10/2026,03/11/2026,USPS PO 3548100560,Shopping,Sale,-22.95,
03/10/2026,03/11/2026,PETSMART #2703,Shopping,Sale,-200.06,
03/10/2026,03/11/2026,SUNOCO 0376235800,Gas,Sale,-56.78,
03/10/2026,03/11/2026,MAHJONGGLEA,Gifts & Donations,Sale,-60.00,
03/10/2026,03/11/2026,CVS/PHARMACY #03247,Health & Wellness,Sale,-75.00,
03/10/2026,03/11/2026,CVS/PHARMACY #03247,Health & Wellness,Sale,-53.28,
03/11/2026,03/11/2026,ALL FOLKS PSYCHOLOGY,Health & Wellness,Sale,-200.00,
03/10/2026,03/11/2026,AIRTASKER.* 19717674X,Personal,Return,500.00,
03/10/2026,03/10/2026,Payment Thank You-Mobile,,Payment,34499.05,
03/09/2026,03/10/2026,LOCUST VALLEY SCHOOLS,Education,Sale,-103.50,
03/09/2026,03/10/2026,HLU*HULUPLUS,Bills & Utilities,Sale,-45.98,
03/09/2026,03/10/2026,OPENAI *CHATGPT SUBSCR,Shopping,Sale,-21.73,
03/09/2026,03/10/2026,AIRTASKER.* 19717674X,Personal,Sale,-549.50,
03/08/2026,03/09/2026,DOORDASH*03/07-2 ORDER,Food & Drink,Sale,-61.80,
03/07/2026,03/08/2026,GOOGLE *YouTube TV,Bills & Utilities,Sale,-9.99,
03/06/2026,03/08/2026,NEWEGG INC.,Shopping,Return,65.16,
03/07/2026,03/08/2026,GOOGLE *YouTube TV,Bills & Utilities,Sale,-82.99,
03/07/2026,03/08/2026,Peacock 4C1E1 PremPlus,Bills & Utilities,Sale,-16.99,
03/06/2026,03/08/2026,BLOOMINGDALES  GARDEN CIT,Shopping,Sale,-10.86,
03/06/2026,03/08/2026,BLOOMINGDALES  GARDEN CIT,Shopping,Sale,-2.72,
03/06/2026,03/08/2026,CHICK-FIL-A #04256,Food & Drink,Sale,-13.74,
03/05/2026,03/06/2026,DD *DOORDASH FUJISUSHI,Food & Drink,Sale,-132.34,
03/05/2026,03/06/2026,KFC,Food & Drink,Sale,-44.30,
03/04/2026,03/05/2026,LOCUST VALLEY MARKET #104,Groceries,Sale,-14.87,
03/03/2026,03/05/2026,AMTRAK .COM 0620615508020,Travel,Sale,-40.00,
03/04/2026,03/05/2026,MSKGIVING 855 718 4054,Gifts & Donations,Sale,-60.00,
03/03/2026,03/05/2026,TRADER JOE S #555,Groceries,Sale,-350.41,
03/04/2026,03/05/2026,DD *DOORDASH MARIOSPIZ,Food & Drink,Sale,-21.56,
03/04/2026,03/05/2026,CORPORATE FILINGS LLC,Personal,Return,319.00,
03/03/2026,03/04/2026,CORPORATE FILINGS LLC,Personal,Sale,-769.00,
03/02/2026,03/04/2026,SPORTIME ROSLYN,Health & Wellness,Sale,-41.00,
03/04/2026,03/04/2026,ALL FOLKS PSYCHOLOGY,Health & Wellness,Sale,-200.00,
03/02/2026,03/03/2026,SEWANEE TIGER TENN,Entertainment,Sale,-1167.00,
03/02/2026,03/03/2026,REDO TECH* RETURN PETE,Shopping,Sale,-6.75,
03/02/2026,03/03/2026,DD *DOORDASH YUMMYSUSH,Food & Drink,Sale,-37.46,
03/01/2026,03/03/2026,STARBUCKS STORE 07616,Food & Drink,Sale,-8.92,
03/02/2026,03/03/2026,HOMEGOODS #357,Shopping,Sale,-449.63,
03/02/2026,03/03/2026,DD *DOORDASH BOMBAYGRI,Food & Drink,Sale,-130.24,
03/02/2026,03/03/2026,LOCUST VALLEY SCHOOLS,Education,Sale,-153.50,
03/01/2026,03/03/2026,IOKA VALLEY FARM,Food & Drink,Sale,-64.64,
03/02/2026,03/03/2026,GOOGLE *Google Store,Shopping,Sale,-108.61,
03/01/2026,03/03/2026,IOKA VALLEY FARM,Food & Drink,Sale,-22.74,
02/28/2026,03/02/2026,CUMBERLAND FARMS 1619,Gas,Sale,-57.43,
02/28/2026,03/02/2026,BOTTLE BUYS,Food & Drink,Sale,-551.79,
02/28/2026,03/02/2026,JIMINY PEAK F&amp;B,Food & Drink,Sale,-11.69,
02/28/2026,03/02/2026,JIMINY PEAK F&amp;B,Food & Drink,Sale,-44.36,
03/01/2026,03/02/2026,CLAUDE.AI SUBSCRIPTION,Shopping,Sale,-217.25,
02/28/2026,03/02/2026,JIMINY PEAK F&amp;B,Food & Drink,Sale,-5.31,
02/28/2026,03/02/2026,CUMBERLAND FARMS 1619,Gas,Sale,-12.43,
02/28/2026,03/02/2026,HUDPUCKERS PUB &amp; GRILL,Food & Drink,Sale,-71.37,
03/01/2026,03/02/2026,PY *MINI MALL STORAGE - C,Home,Sale,-105.16,
03/01/2026,03/02/2026,EXXON MERRITT PKWY NEW,Gas,Sale,-54.52,
02/26/2026,03/01/2026,ALASKA AIR,Travel,Sale,-185.00,
02/27/2026,03/01/2026,Vrbo HA73384081546460,Travel,Sale,-304.13,
02/27/2026,03/01/2026,MTA*LIRR ETIX TICKET,Travel,Sale,-15.25,
02/27/2026,03/01/2026,MTA*LIRR ETIX TICKET,Travel,Sale,-15.25,
02/28/2026,03/01/2026,SQ *OTHERSIDE WINE BAR,Food & Drink,Sale,-161.64,
02/28/2026,03/01/2026,VV IN THE BERKSHIRES,Travel,Sale,-10.97,
02/26/2026,03/01/2026,ALASKA AIR,Travel,Sale,-176.00,
02/27/2026,03/01/2026,TST*2SPRING,Food & Drink,Sale,-420.88,
02/26/2026,03/01/2026,ALASKA AIR,Travel,Sale,-185.00,
02/26/2026,03/01/2026,ALASKA AIR  0272135027224,Travel,Sale,-363.10,
02/27/2026,03/01/2026,RISING TIDE NATURAL MARK,Groceries,Sale,-111.29,
02/26/2026,03/01/2026,ALASKA AIR  0272135027223,Travel,Sale,-363.10,
02/28/2026,03/01/2026,DD *DOORDASH TACOBELL,Food & Drink,Sale,-35.08,
02/27/2026,03/01/2026,ALL AMERICAN CARWASH,Automotive,Sale,-41.28,
02/26/2026,03/01/2026,ALASKA AIR  0272135027222,Travel,Sale,-363.10,
02/28/2026,03/01/2026,CVS/PHARMACY #03247,Health & Wellness,Sale,-89.98,
02/28/2026,03/01/2026,BESTBUYCOM807150984072,Shopping,Sale,-43.44,
02/28/2026,03/01/2026,NEWEGG INC.,Shopping,Sale,-65.16,
02/27/2026,03/01/2026,DINING CREDIT $300/YEAR,Fees & Adjustments,Adjustment,150.00,
02/27/2026,03/01/2026,TST* UNION SQUARE - GRAME,Food & Drink,Sale,-218.90,
02/26/2026,03/01/2026,MTA*NYCT PAYGO,Travel,Sale,-3.00,
02/27/2026,03/01/2026,LOCUST VALLEY SCHOOLS,Education,Sale,-43.50,
02/26/2026,03/01/2026,ALASKA AIR  0272135027253,Travel,Sale,-1223.10,
02/26/2026,03/01/2026,TST*DOUGHNUT PLANT - GRA,Food & Drink,Sale,-9.77,
02/26/2026,03/01/2026,ALASKA AIR  0272135027252,Travel,Sale,-1223.10,
02/26/2026,02/27/2026,MTA*NYCT PAYGO,Travel,Sale,-3.00,
02/26/2026,02/27/2026,SQ *PINONS PIZZA COMPANY,Food & Drink,Sale,-98.85,
02/26/2026,02/27/2026,BLOOMINGDALES  NEW YORK,Shopping,Sale,-103.43,
02/26/2026,02/27/2026,MTA*NYCT PAYGO,Travel,Sale,-3.00,
02/26/2026,02/27/2026,BLOOMINGDALES  NEW YORK,Shopping,Sale,-27.16,
02/26/2026,02/27/2026,ZEEL,Personal,Sale,-164.02,
02/26/2026,02/27/2026,CH* CHAIRISH OFFER,Home,Sale,-2903.56,
02/26/2026,02/27/2026,LOCUST VALLEY SCHOOLS,Education,Sale,-23.50,
02/25/2026,02/26/2026,WALGREENS #2626,Health & Wellness,Sale,-70.00,
02/25/2026,02/26/2026,TIANA  WELLNESS SUITES,Health & Wellness,Sale,-208.00,
02/25/2026,02/26/2026,GULF OIL 92050011,Gas,Sale,-24.17,
02/25/2026,02/26/2026,DELTA AIR   0062408104931,Travel,Sale,-471.32,
02/25/2026,02/26/2026,DELTA AIR   0062408104930,Travel,Sale,-471.32,
02/25/2026,02/26/2026,DD *DOORDASH TACOBELL,Food & Drink,Sale,-25.64,
02/25/2026,02/26/2026,LOCUST VALLEY MARKET #104,Groceries,Sale,-61.75,
02/25/2026,02/26/2026,HERTZ CAR RENTAL,Travel,Sale,-227.47,
02/25/2026,02/26/2026,POTTERY BARN CATALOG,Home,Return,715.72,
02/25/2026,02/25/2026,GOOGLE *Google One,Professional Services,Sale,-10.85,
02/25/2026,02/25/2026,HYDROW SUBSCRIPTION,Shopping,Sale,-50.00,
02/24/2026,02/25/2026,ALLSTATE877-927-7268,Bills & Utilities,Sale,-21.71,
02/25/2026,02/25/2026,ALL FOLKS PSYCHOLOGY,Health & Wellness,Sale,-200.00,
02/24/2026,02/25/2026,GOOGLE *Google One,Shopping,Return,17.48,
02/24/2026,02/25/2026,DD *DOORDASH STOPSHOP,Food & Drink,Sale,-86.86,
02/24/2026,02/25/2026,RISING TIDE NATURAL MARK,Groceries,Sale,-47.04,
02/24/2026,02/25/2026,GULF OIL 92050011,Gas,Sale,-51.74,
02/23/2026,02/25/2026,PETERGLENN/98MAIN.COM,Shopping,Sale,-396.48,
02/24/2026,02/25/2026,GOOGLE *Google Nest,Shopping,Return,100.80,
02/22/2026,02/24/2026,EMBASSY SUITES BY HILTON,Travel,Sale,-837.60,
02/23/2026,02/24/2026,MTA*LIRR ETIX TICKET,Travel,Sale,-22.50,
02/23/2026,02/24/2026,SP THE GENIE COMPANY,Shopping,Sale,-49.85,
02/23/2026,02/24/2026,WOODWARD CAMP  PA,Entertainment,Sale,-900.00,
02/23/2026,02/24/2026,SP POWDER7.COM,Shopping,Sale,-890.70,
02/23/2026,02/24/2026,MTA*LIRR ETIX TICKET,Travel,Sale,-22.50,
02/22/2026,02/23/2026,AMC 9640 ONLINE,Entertainment,Sale,-16.18,
02/22/2026,02/23/2026,CENTRAL MARKET NEW YORK,Food & Drink,Sale,-24.60,
02/21/2026,02/23/2026,EMBASSY SUITES BOSTON MAR,Food & Drink,Sale,-73.79,
02/21/2026,02/23/2026,EMBASSY SUITES BOSTON MAR,Food & Drink,Sale,-50.00,
02/22/2026,02/23/2026,TST*HARTFORD BAKING CO -,Food & Drink,Sale,-18.76,
02/22/2026,02/23/2026,CENTRAL MARKET NEW YORK,Food & Drink,Sale,-21.91,
02/21/2026,02/23/2026,APEX ENTERTAINMENT MARLBO,Entertainment,Sale,-19.26,
02/22/2026,02/23/2026,MTA*NYCT PAYGO,Travel,Sale,-3.00,
02/21/2026,02/23/2026,NORTHWELL PHYS. PARTNERS,Health & Wellness,Return,15.00,
02/21/2026,02/23/2026,FARMINGTON INN,Travel,Sale,-331.20,
02/20/2026,02/23/2026,EMBASSY SUITES BOSTON MAR,Food & Drink,Sale,-8.00,
02/22/2026,02/23/2026,MTA*NYCT PAYGO,Travel,Sale,-3.00,
02/22/2026,02/23/2026,PPL* BEACHBODY BODI,Bills & Utilities,Sale,-179.00,
02/22/2026,02/23/2026,MTA*NYCT PAYGO,Travel,Sale,-3.00,
02/21/2026,02/23/2026,MOSAKA HIBACHI &amp; SUSHI,Food & Drink,Sale,-112.20,
02/23/2026,02/23/2026,DD *DOORDASH CHIPOTLEM,Food & Drink,Sale,-24.45,
02/22/2026,02/23/2026,MTA*NYCT PAYGO,Travel,Sale,-3.00,
02/22/2026,02/23/2026,MTA*NYCT PAYGO,Travel,Sale,-3.00,
02/22/2026,02/23/2026,MTA*NYCT PAYGO,Travel,Sale,-3.00,
02/22/2026,02/23/2026,ADT SECURITY*405587055,Bills & Utilities,Sale,-58.65,
02/19/2026,02/22/2026,TST*NAPLES PIZZA - FARMI,Food & Drink,Sale,-91.52,
02/21/2026,02/22/2026,NAYAX VENDING 76,Food & Drink,Sale,-6.50,
02/20/2026,02/22/2026,TST*HARTFORD BAKING CO -,Food & Drink,Sale,-37.63,
02/20/2026,02/22/2026,TST*HARTFORD BAKING CO -,Food & Drink,Sale,-27.34,
02/21/2026,02/22/2026,NAYAX VENDING 76,Food & Drink,Sale,-6.50,
02/21/2026,02/22/2026,DD *DOORDASH WEGMANS,Food & Drink,Sale,-68.73,
02/21/2026,02/22/2026,Altitude Marlborough,Entertainment,Sale,-6.00,
02/21/2026,02/22/2026,AMC 0551 GLEN COVE 6,Entertainment,Sale,-29.42,
02/21/2026,02/22/2026,SQ *CHIP CITY - WEST HART,Food & Drink,Sale,-6.96,
02/21/2026,02/22/2026,Altitude Marlborough,Entertainment,Sale,-7.00,
02/20/2026,02/22/2026,HERTZ CAR RENTAL,Travel,Sale,-49.95,
02/20/2026,02/22/2026,NEW ENGLAND SPORTS CENTER,Shopping,Sale,-7.25,
02/20/2026,02/22/2026,EXXON DARIEN TPKE (W),Gas,Sale,-29.54,
02/21/2026,02/22/2026,E&amp;R LAUNDRY AND DRY CL,Personal,Sale,-13.27,
02/20/2026,02/22/2026,RAISING CANES 0622,Food & Drink,Sale,-12.19,
02/20/2026,02/22/2026,Altitude Marlborough,Entertainment,Sale,-37.00,
02/21/2026,02/22/2026,SPOTHERO 844-356-8054,Travel,Sale,-42.40,
02/19/2026,02/22/2026,STARBUCKS CONC A SLC,Food & Drink,Sale,-11.95,
02/21/2026,02/22/2026,cb2.com,Home,Sale,-557.90,
02/21/2026,02/22/2026,DD *DOORDASH CHIPOTLEM,Food & Drink,Sale,-15.05,
02/19/2026,02/22/2026,CHICK-FIL-A #03951,Food & Drink,Sale,-22.41,
02/19/2026,02/22/2026,FARMERS &amp; CHEFS,Food & Drink,Sale,-65.06,
02/20/2026,02/22/2026,F45 TRAINING GLEN COVE,Health & Wellness,Sale,-95.00,
02/18/2026,02/20/2026,SUN VALLEY FOOD &amp; BEV,Food & Drink,Sale,-12.00,
02/18/2026,02/20/2026,SUN VALLEY FOOD &amp; BEV,Food & Drink,Sale,-12.00,
02/19/2026,02/20/2026,SQ *THE COFFEE HOUSE,Food & Drink,Sale,-19.91,
02/19/2026,02/20/2026,SLC DeseretNews Shop,Shopping,Sale,-4.01,
02/18/2026,02/20/2026,JAVA KETCHUM,Food & Drink,Sale,-41.39,
02/19/2026,02/20/2026,HERTZ CAR RENTAL,Travel,Sale,-427.08,
02/19/2026,02/20/2026,CORPORATE FILINGS LLC,Personal,Sale,-319.00,
02/17/2026,02/19/2026,SUN VALLEY FOOD &amp; BEV,Food & Drink,Sale,-20.00,
02/18/2026,02/19/2026,GULF OIL 92050011,Gas,Sale,-75.00,
02/17/2026,02/19/2026,JAVA KETCHUM,Food & Drink,Sale,-39.85,
02/18/2026,02/19/2026,MOIM SUSHI,Food & Drink,Sale,-195.66,
02/18/2026,02/19/2026,TST*PROVISIONS MARKET,Food & Drink,Sale,-18.47,
02/18/2026,02/19/2026,On Inc,Shopping,Sale,-206.39,
02/18/2026,02/19/2026,SQ *PK'S SKI SHOP,Groceries,Sale,-162.00,
02/17/2026,02/19/2026,6101 - AVE OF ARTS,Travel,Sale,-41.00,
02/18/2026,02/19/2026,BLUE WATER SPA,Health & Wellness,Sale,-190.00,
02/17/2026,02/19/2026,TST*SPRING SHABU-SHABU -,Food & Drink,Sale,-102.45,
02/17/2026,02/18/2026,LEFTYS BAR AND GRILL,Food & Drink,Sale,-65.43,
02/17/2026,02/18/2026,SQ *SUN VALLEY COMPANY,Food & Drink,Sale,-17.44,
02/17/2026,02/18/2026,Rittenhouse Operations LL,Travel,Sale,-436.60,
02/17/2026,02/18/2026,ATKINSONS MARKET IN,Groceries,Sale,-162.23,
02/18/2026,02/18/2026,ALL FOLKS PSYCHOLOGY,Health & Wellness,Sale,-200.00,
02/17/2026,02/18/2026,Rittenhouse Operations LL,Travel,Sale,-9.86,
02/16/2026,02/17/2026,CVS/PHARMACY #00450,Health & Wellness,Sale,-2.19,
02/16/2026,02/17/2026,SQ *BIG DEAN'S HOT CHICKE,Food & Drink,Sale,-26.96,
02/16/2026,02/17/2026,SQ *KARMIC GRIND OYSTER B,Food & Drink,Sale,-20.97,
02/15/2026,02/17/2026,SUN VALLEY FOOD &amp; BEV,Food & Drink,Sale,-12.90,
02/15/2026,02/17/2026,SUN VALLEY FOOD &amp; BEV,Food & Drink,Sale,-20.00,
02/15/2026,02/17/2026,JAVA KETCHUM,Food & Drink,Sale,-40.16,
02/16/2026,02/17/2026,TNT TAPROOM LLC,Food & Drink,Sale,-38.88,
02/14/2026,02/16/2026,TST*SHAPESHIFTER LAB,Food & Drink,Sale,-21.14,
02/14/2026,02/16/2026,CENTRALPOINTEMKTST2163,Groceries,Sale,-3.39,
02/14/2026,02/16/2026,STARBUCKS,Food & Drink,Sale,-10.26,
02/15/2026,02/16/2026,HEADWAY,Health & Wellness,Sale,-15.00,
02/15/2026,02/16/2026,TST*HARTFORD BAKING CO -,Food & Drink,Sale,-12.63,
02/14/2026,02/16/2026,GOLD COAST MAILROOM,Personal,Sale,-51.05,
02/14/2026,02/16/2026,GOLD COAST MAILROOM,Personal,Sale,-251.11,
02/14/2026,02/15/2026,EB *LOVE AINT DEAD.,Personal,Sale,-56.00,
02/14/2026,02/15/2026,TNT TAPROOM LLC,Food & Drink,Sale,-50.78,
02/13/2026,02/15/2026,HUEL,Groceries,Sale,-64.99,
02/14/2026,02/15/2026,HUDSONNEWS  ST1178,Shopping,Sale,-8.63,
02/14/2026,02/15/2026,YAMATO,Food & Drink,Sale,-90.21,
02/15/2026,02/15/2026,GOOGLE *YouTubePremium,Bills & Utilities,Sale,-22.99,
02/13/2026,02/15/2026,DD *DOORDASH KIKORAMEN,Food & Drink,Sale,-34.03,
02/14/2026,02/15/2026,CL *Chase Travel,Travel,Return,103.06,
02/14/2026,02/15/2026,DD *DOORDASH CHIPOTLEM,Food & Drink,Sale,-24.45,
02/13/2026,02/15/2026,PAYPAL *POSITIONTRA,Travel,Sale,-300.00,
02/13/2026,02/13/2026,Payment Thank You - Web,,Payment,35000.00,
02/11/2026,02/13/2026,NORTHWELL PHYS. PARTNERS,Health & Wellness,Sale,-15.00,
02/11/2026,02/13/2026,PAPERSOURCE-4560,Shopping,Sale,-84.08,
02/13/2026,02/13/2026,FEVOINC*BOSTONCOLLEGEH,Entertainment,Sale,-105.57,
12/30/2025,02/12/2026,DINING CREDIT $300/YEAR,Fees & Adjustments,Adjustment,150.00,
02/11/2026,02/12/2026,LOCUST VALLEY MARKET #104,Groceries,Sale,-92.35,
02/11/2026,02/12/2026,GILTCOM*MMSUPNPSRL,Shopping,Sale,-77.22,
02/11/2026,02/12/2026,SQ *YOUNGS FARM,Shopping,Sale,-104.50,
02/11/2026,02/12/2026,WALMART.COM,Shopping,Return,422.55,
02/11/2026,02/12/2026,SPEEDWAY 46893,Gas,Sale,-75.93,
02/10/2026,02/12/2026,STARBUCKS STORE 07616,Food & Drink,Sale,-6.10,
02/11/2026,02/11/2026,ALL FOLKS PSYCHOLOGY,Health & Wellness,Sale,-200.00,
02/10/2026,02/11/2026,HIGHLAND PARK MARKET OF F,Groceries,Sale,-16.14,
02/10/2026,02/11/2026,LOCUST VALLEY SCHOOLS,Education,Sale,-43.50,
02/09/2026,02/11/2026,GRANATOS SLC AIRPORT,Food & Drink,Sale,-20.26,
02/10/2026,02/11/2026,LOCUST VALLEY MARKET #104,Groceries,Sale,-62.48,
02/11/2026,02/11/2026,UNIV OF CHICAGO SS AF,Education,Sale,-75.00,
02/09/2026,02/10/2026,WILLIAMS AND SELYEM LLC,Entertainment,Sale,-870.10,
02/09/2026,02/10/2026,JFK SHAKESHACK B376351379,Food & Drink,Sale,-40.47,
02/09/2026,02/10/2026,HLU*HULUPLUS,Bills & Utilities,Sale,-45.98,
02/08/2026,02/10/2026,FIRESIDE DEER VALLEY,Food & Drink,Sale,-40.35,
02/09/2026,02/10/2026,THE ATLANTIC,Shopping,Sale,-100.00,
02/09/2026,02/10/2026,CVS/PHARMACY #03247,Health & Wellness,Sale,-94.01,
02/09/2026,02/10/2026,CVS/PHARMACY #03247,Health & Wellness,Sale,-70.00,
02/09/2026,02/10/2026,SP URBANSTEMS INC.,Shopping,Sale,-97.10,
02/08/2026,02/10/2026,DEER VALLEY ETC,Food & Drink,Sale,-14.24,
02/09/2026,02/10/2026,THE HOT TUB FACTORY - SER,Home,Sale,-123.22,
02/09/2026,02/10/2026,OPENAI *CHATGPT SUBSCR,Shopping,Sale,-21.73,
02/07/2026,02/09/2026,BUTCHERS CHOP HOUSE &amp; BAR,Food & Drink,Sale,-19.58,
02/07/2026,02/09/2026,MERCAT A LA PLANXA,Food & Drink,Sale,-15.15,
02/08/2026,02/09/2026,STATE LIQUOR STORE 38,Food & Drink,Sale,-107.93,
02/08/2026,02/09/2026,ART INST CHGO-ONLINE,Entertainment,Sale,-115.00,
02/06/2026,02/09/2026,WFUV,Gifts & Donations,Sale,-15.00,
02/07/2026,02/09/2026,PUBLICAN ORD,Food & Drink,Sale,-82.29,
02/07/2026,02/09/2026,BLACKSTONE  AUTOGRAPH,Travel,Sale,-671.18,
02/08/2026,02/09/2026,SQ *HARVEST - PARK AVE  O,Food & Drink,Sale,-29.64,
02/07/2026,02/08/2026,GOOGLE *YouTube TV,Bills & Utilities,Sale,-92.98,
02/07/2026,02/08/2026,Peacock E348E PremPlus,Bills & Utilities,Sale,-16.99,
02/06/2026,02/08/2026,DD *DOORDASH MCDONALDS,Food & Drink,Sale,-21.27,
02/07/2026,02/08/2026,DD *DOORDASH WALGREENS,Food & Drink,Sale,-39.31,
02/07/2026,02/08/2026,BURTON PARK CITY,Shopping,Sale,-219.05,
02/07/2026,02/08/2026,SQ *HARVEST - PARK AVE  O,Food & Drink,Sale,-32.61,
02/06/2026,02/08/2026,HUDSONNEWS  ST1178,Shopping,Sale,-12.12,
02/06/2026,02/08/2026,TST*THE GAGE,Food & Drink,Sale,-224.01,
02/06/2026,02/08/2026,SHAKE SHACK CONC A SLC,Food & Drink,Sale,-51.35,
02/06/2026,02/08/2026,UCHICAGO FRENCH PRESS,Education,Sale,-12.82,
02/06/2026,02/06/2026,CNP* WIRED - DIGITAL +,Professional Services,Sale,-36.00,
02/05/2026,02/06/2026,THE UPS STORE 8056,Personal,Sale,-23.48,
02/05/2026,02/06/2026,AMZ*4l7jyqigx WHSmith,Shopping,Sale,-4.02,
02/05/2026,02/06/2026,SQ *KARMIC GRIND OYSTER B,Food & Drink,Sale,-51.07,
02/05/2026,02/06/2026,THE BOWERY BAY @LGA 705,Shopping,Sale,-139.82,
02/05/2026,02/06/2026,GOTHAM NEWS @LGA 550,Shopping,Sale,-21.22,
02/04/2026,02/06/2026,LOCUST VALLEY SCHOOLS,Education,Sale,-43.50,
02/04/2026,02/05/2026,SP SNO-HAUS 1362,Shopping,Sale,-514.89,
02/03/2026,02/05/2026,BUDGET AUTO SCHOOL,Education,Sale,-699.00,
02/04/2026,02/05/2026,STOP &amp; SHOP 0542,Groceries,Sale,-179.91,
02/04/2026,02/05/2026,THE HOT TUB FACTORY - SER,Home,Sale,-2074.94,
02/03/2026,02/04/2026,LOCUST VALLEY SCHOOLS,Education,Sale,-43.50,
02/03/2026,02/04/2026,SQ *GENTLEMENS CHOP SHOP,Personal,Sale,-50.28,
02/03/2026,02/04/2026,DOMO HOTEL NOSARA,Travel,Sale,-1313.63,
02/03/2026,02/04/2026,POTTERYBARN.COM,Home,Sale,-715.73,
02/02/2026,02/04/2026,SPORTIME ROSLYN,Health & Wellness,Sale,-121.00,
02/04/2026,02/04/2026,ALL FOLKS PSYCHOLOGY,Health & Wellness,Sale,-200.00,
02/02/2026,02/03/2026,KITCHEN KABARET,Food & Drink,Sale,-15.20,
02/02/2026,02/03/2026,LOCUST VALLEY MARKET #104,Groceries,Sale,-11.03,
02/02/2026,02/03/2026,SQ *X-GOLF WESTBURY,Food & Drink,Sale,-65.00,
02/02/2026,02/03/2026,DD *DOORDASH WENDYS,Food & Drink,Sale,-23.35,
02/01/2026,02/03/2026,TST*NAPLES PIZZA - FARMI,Food & Drink,Sale,-87.90,
02/01/2026,02/03/2026,ACT*USTA LEAGUES,Gifts & Donations,Sale,-31.15,
02/02/2026,02/03/2026,PAY*SOLEI PILATES OF N,Health & Wellness,Sale,-107.54,
02/02/2026,02/03/2026,BEST BUY      00004549,Shopping,Sale,-1301.33,
02/01/2026,02/03/2026,ACT*USTA LEAGUES,Gifts & Donations,Sale,-31.15,
02/01/2026,02/02/2026,DD *DOORDASH TACOBELL,Food & Drink,Sale,-25.64,
01/31/2026,02/02/2026,STARBUCKS STORE 07616,Food & Drink,Sale,-7.39,
02/01/2026,02/02/2026,EXXON FAIRFIELD TPKE (,Gas,Sale,-13.02,
01/31/2026,02/02/2026,SNO-HAUS SKI &amp; PATIO -,Shopping,Sale,-454.41,
02/01/2026,02/02/2026,UST*USTA MEMBERSHIP,Health & Wellness,Sale,-44.00,
02/01/2026,02/02/2026,COSTCO *ANNUAL RENEWAL,Shopping,Sale,-70.61,
02/01/2026,02/02/2026,EXXON FAIRFIELD TPKE (,Gas,Sale,-69.19,
02/01/2026,02/02/2026,PY *MINI MALL STORAGE - C,Home,Sale,-105.16,
01/30/2026,02/01/2026,MARIO'S OYSTER BAY,Food & Drink,Sale,-41.74,
01/30/2026,02/01/2026,TST*HAPPY VALLEY PIANO B,Food & Drink,Sale,-173.59,
01/30/2026,02/01/2026,SP BOARD,Shopping,Sale,-650.67,
01/30/2026,02/01/2026,DD *DOORDASH KIKORAMEN,Food & Drink,Sale,-38.96,
01/30/2026,02/01/2026,DIANES,Food & Drink,Sale,-14.22,
01/31/2026,02/01/2026,SP HOSTED BY KG,Home,Sale,-116.23,
01/30/2026,02/01/2026,MICHAELS STORES 4736,Shopping,Sale,-20.05,
01/30/2026,02/01/2026,SPORTIME ROSLYN,Health & Wellness,Sale,-47.08,
01/31/2026,02/01/2026,HOTELSONE9084696335975,Travel,Return,1122.62,
01/31/2026,02/01/2026,LOCUST VALLEY SCHOOLS,Education,Sale,-43.50,
01/29/2026,01/30/2026,LOCUST VALLEY CHEMISTS,Health & Wellness,Sale,-20.60,
01/29/2026,01/30/2026,BRIANDONATELLIMD.COM,Health & Wellness,Sale,-335.32,
01/30/2026,01/30/2026,ULINE  *SHIP SUPPLIES,Shopping,Sale,-134.61,
01/29/2026,01/30/2026,BRIANDONATELLIMD.COM,Health & Wellness,Sale,-335.32,
01/29/2026,01/30/2026,HOTELSONE9084696335975,Travel,Sale,-1122.62,
01/29/2026,01/30/2026,COLLEGEBOARD*SAT ONLN.,Education,Sale,-68.00,
01/29/2026,01/30/2026,AIREM - Airem Center 1,Health & Wellness,Sale,-391.05,
01/29/2026,01/30/2026,GOOGLE *Google Nest,Shopping,Sale,-108.62,
01/29/2026,01/30/2026,AIREM - Airem Center 1,Health & Wellness,Sale,-290.00,
01/28/2026,01/29/2026,SPEEDWAY 46893,Gas,Sale,-50.82,
01/28/2026,01/29/2026,WALMART.COM,Shopping,Sale,-497.50,
01/28/2026,01/29/2026,HP *HP.COM STORE,Shopping,Sale,-597.38,
01/28/2026,01/29/2026,LOCUST VALLEY SCHOOLS,Education,Sale,-43.50,
01/28/2026,01/29/2026,ALL AMERICAN CARWASH,Automotive,Sale,-36.93,
01/28/2026,01/29/2026,WALGREENS #2626,Health & Wellness,Sale,-76.72,
01/28/2026,01/29/2026,GOLD COAST MAILROOM,Personal,Sale,-21.13,
01/28/2026,01/29/2026,PADDLE.NET* MACPAW.COM,Shopping,Sale,-63.95,
01/28/2026,01/29/2026,MOIM SUSHI,Food & Drink,Sale,-136.44,
01/27/2026,01/28/2026,HLU*HULUPLUS,Bills & Utilities,Sale,-5.03,
01/27/2026,01/28/2026,ALEXES HAZEN MD PLLC,Health & Wellness,Sale,-9450.00,
01/27/2026,01/28/2026,RISING TIDE NATURAL MARK,Groceries,Sale,-118.79,
01/27/2026,01/28/2026,Glowinskin Esthetics,Personal,Sale,-243.41,
01/27/2026,01/28/2026,TIANA  WELLNESS SUITES,Health & Wellness,Sale,-208.00,
01/28/2026,01/28/2026,ALL FOLKS PSYCHOLOGY,Health & Wellness,Sale,-200.00,
01/27/2026,01/28/2026,BLOOD CANCER UNITED,Gifts & Donations,Sale,-25.00,
01/27/2026,01/27/2026,BRIANDONATELLIMD.COM,Health & Wellness,Sale,-335.32,
01/26/2026,01/27/2026,PAYPAL *POSITIONTRA,Travel,Sale,-300.00,
01/26/2026,01/27/2026,PORT WASHINGTON FAMILY SK,Health & Wellness,Sale,-18.00,
01/26/2026,01/26/2026,Payment Thank You - Web,,Payment,20826.00,
01/25/2026,01/26/2026,MICROSOFT*STORE,Shopping,Sale,-32.57,
01/24/2026,01/25/2026,LOCUST VALLEY SCHOOLS,Education,Sale,-43.50,
01/25/2026,01/25/2026,HYDROW SUBSCRIPTION,Shopping,Sale,-50.00,
01/24/2026,01/25/2026,STOP &amp; SHOP 0542,Groceries,Sale,-50.96,
01/23/2026,01/25/2026,MTA*LIRR ETIX TICKET,Travel,Sale,-30.50,
01/20/2026,01/25/2026,State of Elevenate,Shopping,Sale,-250.00,
01/23/2026,01/25/2026,MTA*LIRR ETIX TICKET,Travel,Sale,-22.50,
01/24/2026,01/25/2026,TST*HARTFORD BAKING CO -,Food & Drink,Sale,-12.06,
01/23/2026,01/25/2026,FONTAINEBLEAU RESORT,Travel,Sale,-37.00,
01/24/2026,01/25/2026,COSTIKYAN  INC.,Home,Sale,-2711.72,
01/24/2026,01/25/2026,SQ *BIRCH HILL MARKET INC,Groceries,Sale,-266.58,
01/23/2026,01/25/2026,POTTERYBARN.COM,Home,Sale,-1431.45,
01/24/2026,01/25/2026,DD *DOORDASH CHICK-FIL,Food & Drink,Sale,-24.52,
01/24/2026,01/25/2026,ALLSTATE877-927-7268,Bills & Utilities,Sale,-21.71,
01/22/2026,01/23/2026,DD *DOORDASH KIKORAMEN,Food & Drink,Sale,-35.03,
01/22/2026,01/23/2026,ADT SECURITY*405587055,Bills & Utilities,Sale,-58.65,
01/21/2026,01/22/2026,LOCUST VALLEY SCHOOLS,Education,Sale,-43.50,
01/21/2026,01/21/2026,ALL FOLKS PSYCHOLOGY,Health & Wellness,Sale,-200.00,
01/20/2026,01/21/2026,LOCUST VALLEY SCHOOLS,Education,Sale,-43.50,
01/20/2026,01/21/2026,Ballard Designs  Inc.,Home,Return,0.09,
01/20/2026,01/21/2026,SQ *RIVER,Personal,Sale,-543.40,
01/18/2026,01/20/2026,SPORTIME ROSLYN,Health & Wellness,Sale,-162.00,
01/19/2026,01/20/2026,EXXON EAST HILLS ENTER,Gas,Sale,-22.56,
01/19/2026,01/20/2026,EXXON EAST HILLS ENTER,Gas,Sale,-106.18,
01/17/2026,01/19/2026,7-ELEVEN 19960,Gas,Sale,-8.50,
01/18/2026,01/19/2026,MOIM SUSHI,Food & Drink,Sale,-148.15,
01/18/2026,01/19/2026,LOCUST VALLEY MARKET #104,Groceries,Sale,-101.09,
01/18/2026,01/19/2026,AIRBNB * HMXTS22SDB,Travel,Sale,-1013.63,
01/17/2026,01/19/2026,DELTA AIR   0062396870580,Travel,Sale,-3207.43,
01/17/2026,01/19/2026,DELTA AIR   0062396235257,Travel,Sale,-1188.03,
01/17/2026,01/19/2026,DELTA AIR   0062396870581,Travel,Sale,-3207.43,
01/17/2026,01/19/2026,DELTA AIR   0062396235256,Travel,Sale,-1188.03,
01/16/2026,01/18/2026,HEADWAY,Health & Wellness,Sale,-15.00,
01/16/2026,01/18/2026,MARIO'S OYSTER BAY,Food & Drink,Sale,-35.14,
01/17/2026,01/18/2026,LOCUST VALLEY MARKET #104,Groceries,Sale,-103.03,
01/16/2026,01/18/2026,STAPLES       00110007,Shopping,Sale,-72.72,
01/17/2026,01/18/2026,STARBUCKS 07616,Food & Drink,Sale,-9.48,
01/17/2026,01/18/2026,Friendlys - Newington,Food & Drink,Sale,-7.36,
01/16/2026,01/18/2026,LOCUST VALLEY SCHOOLS,Education,Sale,-43.50,
01/16/2026,01/18/2026,ARROW EXTERMINATING,Home,Sale,-331.34,
01/17/2026,01/18/2026,PORT WASHINGTON FAMILY SK,Health & Wellness,Sale,-18.00,
01/17/2026,01/18/2026,WWW.GWR.COM,Travel,Sale,-269.08,
01/16/2026,01/18/2026,HUEL,Groceries,Sale,-64.99,
01/15/2026,01/16/2026,SP THE RED THRED ATELI,Shopping,Sale,-30.42,
01/15/2026,01/16/2026,OYSTER BAY BREWING COMPA,Food & Drink,Sale,-10.00,
01/15/2026,01/16/2026,DD *DOORDASH EASTNORWI,Food & Drink,Sale,-19.88,
01/15/2026,01/16/2026,SP THE THRIFTOCRAT,Shopping,Sale,-93.15,
01/14/2026,01/15/2026,LOCUST VALLEY MARKET #104,Groceries,Sale,-63.53,
01/14/2026,01/15/2026,SP THE RED THRED ATELI,Shopping,Sale,-81.22,
01/15/2026,01/15/2026,GOOGLE *YouTubePremium,Bills & Utilities,Sale,-22.99,
01/14/2026,01/15/2026,eBay O*27-14076-23576,Shopping,Sale,-124.91,
01/14/2026,01/15/2026,TST* TACOMBI - WESTBURY,Food & Drink,Sale,-77.77,
01/14/2026,01/15/2026,LOCUST VALLEY SCHOOLS,Education,Sale,-43.50,
01/14/2026,01/15/2026,TST*THE BRASS RAIL,Food & Drink,Sale,-75.01,
01/13/2026,01/14/2026,LOCUST VALLEY SCHOOLS,Education,Sale,-43.50,
01/14/2026,01/14/2026,ALL FOLKS PSYCHOLOGY,Health & Wellness,Sale,-200.00,
01/13/2026,01/14/2026,DD *DOORDASH EASTNORWI,Food & Drink,Sale,-25.81,
01/13/2026,01/13/2026,COSTIKYAN  INC.,Home,Sale,-483.63,
01/12/2026,01/13/2026,CONOCO FUEL,Gas,Sale,-61.21,
01/12/2026,01/13/2026,SCHOOLBUS SAFETY PROG,Shopping,Sale,-284.63,
01/11/2026,01/12/2026,ZEEL,Personal,Sale,-175.82,
01/11/2026,01/12/2026,POTTERYBARN.COM,Home,Sale,-51.02,
01/11/2026,01/12/2026,WILD ALASKAN  INC.,Groceries,Sale,-199.99,
01/12/2026,01/12/2026,GOOGLE *YouTube TV,Bills & Utilities,Sale,-8.38,
01/11/2026,01/12/2026,DD *DOORDASH WENDYS,Food & Drink,Sale,-23.78,
01/09/2026,01/11/2026,OPENAI *CHATGPT SUBSCR,Shopping,Sale,-21.73,
01/09/2026,01/11/2026,RAISING CANES 0935,Food & Drink,Sale,-11.80,
01/09/2026,01/11/2026,Hulu,Bills & Utilities,Sale,-32.99,
01/10/2026,01/11/2026,DD *DOORDASH KIKORAMEN,Food & Drink,Sale,-37.46,
01/09/2026,01/11/2026,DD *DOORDASH EASTNORWI,Food & Drink,Sale,-24.53,
01/08/2026,01/11/2026,TST*THE BRASS RAIL,Food & Drink,Sale,-140.68,
01/10/2026,01/11/2026,IAVARONE BROTHERS WDBRY,Groceries,Sale,-232.14,
01/09/2026,01/11/2026,LOCUST VALLEY SCHOOLS,Education,Sale,-43.50,
01/07/2026,01/09/2026,SONOS INC.,Home,Sale,-448.62,
01/08/2026,01/09/2026,RISING TIDE NATURAL MARK,Groceries,Sale,-76.71,
01/08/2026,01/09/2026,LOCUST VALLEY SCHOOLS,Education,Sale,-43.50,
01/08/2026,01/09/2026,BRINKMANN'S,Home,Sale,-127.38,
01/08/2026,01/09/2026,MARQUIS WINES &amp; SPIRITS,Food & Drink,Sale,-123.79,
01/08/2026,01/09/2026,SP THE SPOT NY,Shopping,Sale,-35.46,
01/08/2026,01/09/2026,TELSTAR SECURITY SYSTEMS,Professional Services,Sale,-20.64,
01/08/2026,01/09/2026,OYSTER BAY BREWING COMPA,Food & Drink,Sale,-13.40,
01/06/2026,01/08/2026,WFUV,Gifts & Donations,Sale,-15.00,
01/07/2026,01/08/2026,GOOGLE *Google Store,Shopping,Sale,-738.61,
01/06/2026,01/07/2026,GOLD COAST MAILROOM,Personal,Sale,-199.32,
01/07/2026,01/07/2026,AMERICAN AIR0012304040310,Travel,Sale,-767.09,
01/07/2026,01/07/2026,GOOGLE *YouTube TV,Bills & Utilities,Sale,-82.99,
01/07/2026,01/07/2026,AMERICAN AIR0012304040311,Travel,Sale,-767.09,
01/06/2026,01/07/2026,ZAP*ZAPPOS.COM,Shopping,Sale,-133.07,
01/07/2026,01/07/2026,ALL FOLKS PSYCHOLOGY,Health & Wellness,Sale,-200.00,
01/06/2026,01/07/2026,STOP &amp; SHOP 0542,Groceries,Sale,-236.53,
01/05/2026,01/06/2026,IWC Ecom,Shopping,Sale,-521.40,
01/05/2026,01/06/2026,USPS CHANGE OF ADDRESS,Shopping,Sale,-1.25,
01/05/2026,01/06/2026,DD *DOORDASH KIKORAMEN,Food & Drink,Sale,-33.03,
01/05/2026,01/06/2026,EXXON BOLLA 251 JERICH,Gas,Sale,-59.11,
01/05/2026,01/06/2026,ENEXIA SPECIALTY,Health & Wellness,Sale,-300.00,
01/05/2026,01/06/2026,I-95 SOUTHBOUND/EX 12-13,Automotive,Sale,-6.20,
01/05/2026,01/06/2026,WOOD N TAP FARMINGTON,Food & Drink,Sale,-75.12,
01/04/2026,01/06/2026,3281 MYR STARBUCKS 66141,Food & Drink,Sale,-18.91,
01/05/2026,01/06/2026,THE STATIONERY STUDIO LLC,Shopping,Sale,-160.67,
01/05/2026,01/06/2026,EXXON FARMINGTON VILLA,Gas,Sale,-16.42,
01/05/2026,01/06/2026,EXXON FARMINGTON VILLA,Gas,Sale,-63.30,
01/04/2026,01/06/2026,3281 MYR STARBUCKS 66141,Food & Drink,Sale,-5.66,
01/05/2026,01/06/2026,WALGREENS #2626,Health & Wellness,Sale,-11.99,
01/05/2026,01/06/2026,NEW YORK STATE DMV,Bills & Utilities,Sale,-3.00,
01/05/2026,01/06/2026,LOCUST VALLEY SCHOOLS,Education,Sale,-43.50,
01/04/2026,01/06/2026,3281 MYR STARBUCKS 66141,Food & Drink,Sale,-10.32,
01/04/2026,01/05/2026,HUDSON ST2058,Shopping,Sale,-8.00,
01/02/2026,01/05/2026,RACK ROOM SHOES #0294,Shopping,Sale,-100.26,
01/03/2026,01/05/2026,THE UPS STORE 2978,Personal,Sale,-50.72,
01/02/2026,01/04/2026,WONDERWORKS MYRTLE BEACH,Entertainment,Sale,-175.17,
01/03/2026,01/04/2026,THE CANDY COTTAGE,Food & Drink,Sale,-17.80,
01/02/2026,01/04/2026,LOWE'S FOODS #259,Groceries,Sale,-96.12,
01/03/2026,01/04/2026,TIANA  WELLNESS SUITES,Health & Wellness,Sale,-208.00,
01/02/2026,01/04/2026,SQ *BIJUJU BROADWAY AT TH,Shopping,Sale,-17.44,
01/03/2026,01/04/2026,WF *WAYFAIR4556314791,Home,Sale,-305.20,
01/02/2026,01/04/2026,CTLP*WONDERWORKS MYRTL,Food & Drink,Sale,-3.00,
01/02/2026,01/04/2026,EARTHBOUND BRWDY AT BCH 4,Shopping,Sale,-47.25,
01/02/2026,01/04/2026,POPSTROKE* RESTAURANT,Food & Drink,Sale,-118.37,
12/31/2025,01/02/2026,GRAY MAN SPIRITS @ PAWLEY,Food & Drink,Sale,-22.35,
01/01/2026,01/02/2026,PY *MINI MALL STORAGE - C,Home,Sale,-105.16,
12/30/2025,01/01/2026,LGA ROSSI PIZZERIA MARKET,Groceries,Sale,-7.06,
12/31/2025,01/01/2026,CEP*DEBORDIEU CLUB,Health & Wellness,Sale,-577.28,
12/31/2025,01/01/2026,LOWE'S FOODS #259,Groceries,Sale,-290.67,
12/31/2025,01/01/2026,CEP*DEBORDIEU CLUB,Health & Wellness,Sale,-8.14,
12/31/2025,01/01/2026,LOWE'S FOODS #259,Groceries,Sale,-183.16,
12/30/2025,01/01/2026,BROTHER CLEANERS,Personal,Sale,-124.60,
